"","Type_I_error","Average_power","QTN1_power","QTN2_power","QTN3_power","QTN4_power"
"Y1_2",0.000275275275275275,0.65,1,0.9,0.7,0
"Y2_2",0.000175175175175175,0.65,1,0.9,0.6,0.1
"Y3_2",0.0001001001001001,0.6,0.9,1,0.5,0
"Y1_5",0.00015015015015015,0.675,1,0.8,0.8,0.1
"Y2_5",0.000325325325325325,0.7,0.9,0.8,0.5,0.6
"Y3_5",0.000225225225225225,0.675,1,0.7,0.6,0.4
"Y1_10",0.000275275275275275,0.475,1,0.6,0.3,0
"Y2_10",0.000125125125125125,0.65,1,0.7,0.9,0
"Y3_10",7.50750750750751e-05,0.7,1,1,0.8,0
