"","Type_I_error","Average_power","QTN1_power","QTN2_power","QTN3_power","QTN4_power"
"Y1_2",0.0486736736736737,0.275,0.6,0.3,0.2,0
"Y2_2",0.0446446446446446,0.25,0.7,0.2,0.1,0
"Y3_2",0.0454954954954955,0.3,0.7,0.4,0.1,0
"Y1_5",0.046971971971972,0.25,0.8,0,0.2,0
"Y2_5",0.0415665665665666,0.2,0.6,0,0,0.2
"Y3_5",0.0412912912912913,0.175,0.6,0,0.1,0
"Y1_10",0.0496746746746747,0.25,0.8,0.1,0.1,0
"Y2_10",0.043968968968969,0.3,0.6,0.5,0.1,0
"Y3_10",0.0415665665665666,0.4,0.8,0.6,0.2,0
