"","Type_I_error","Average_power","QTN1_power","QTN2_power","QTN3_power","QTN4_power"
"Y1_2",0.0442692692692693,0.425,0.9,0.7,0.1,0
"Y2_2",0.0480730730730731,0.125,0.5,0,0,0
"Y3_2",0.0471221221221221,0.15,0.6,0,0,0
"Y1_5",0.0513513513513514,0.3,1,0.2,0,0
"Y2_5",0.0515015015015015,0.35,0.8,0.4,0,0.2
"Y3_5",0.0516016016016016,0.4,0.6,0.4,0.4,0.2
"Y1_10",0.0616866866866867,0.5,1,1,0,0
"Y2_10",0.0695695695695696,0.125,0.5,0,0,0
"Y3_10",0.0675675675675676,0.5,1,1,0,0
